{"cameraMode":{"drawMode":0,"name":"Shaded","section":"Shading Mode"},"sceneLighting":false,"audioPlay":false,"sceneViewState":{"showFog":false,"showMaterialUpdate":false,"showSkybox":false,"showFlares":false,"showImageEffects":false,"showParticleSystems":false},"in2DMode":false,"pivot":{"x":0.23289504647254945,"y":0.16769534349441529,"z":-0.49535125494003298},"rotation":{"x":-0.07822605222463608,"y":-0.009873098693788052,"z":0.0007746039773337543,"w":-0.996887743473053},"size":1.6334166526794434,"orthographic":false}